env,algorithm,return (last 100 ep),return median,RMSE Q (all),RMSE Q (optimal a),optimal actions %,regret at s0,seeds optimal,seeds near-optimal,episodes to near-optimal (median of those)
Gridworld (deterministic),Monte Carlo,1.000 ± 0.000,1.000,0.647,0.572 ± 0.104,80.6,0.0000,20/20,20/20,420
Gridworld (deterministic),SARSA,0.999 ± 0.004,1.000,0.549,0.549 ± 0.039,81.1,0.0000,20/20,19/20,210
Gridworld (deterministic),n-step SARSA,1.000 ± 0.000,1.000,0.539,0.509 ± 0.077,80.0,0.0000,20/20,20/20,580
Gridworld (deterministic),Expected SARSA,0.999 ± 0.004,1.000,0.548,0.550 ± 0.031,82.2,0.0000,20/20,20/20,10
Gridworld (deterministic),Q-learning,0.993 ± 0.015,1.000,0.337,0.204 ± 0.095,94.4,0.0000,20/20,20/20,10
Gridworld (deterministic),Double Q-learning,0.994 ± 0.018,1.000,0.487,0.326 ± 0.149,95.0,0.0000,20/20,20/20,210
Gridworld (slippery 80/10/10),Monte Carlo,0.962 ± 0.027,0.960,0.601,0.562 ± 0.032,72.8,0.0442,0/20,14/20,460
Gridworld (slippery 80/10/10),SARSA,0.979 ± 0.022,0.980,0.305,0.374 ± 0.037,85.0,0.0512,15/20,10/20,9850
Gridworld (slippery 80/10/10),n-step SARSA,0.957 ± 0.033,0.960,0.337,0.351 ± 0.068,76.1,0.0612,3/20,3/20,9660
Gridworld (slippery 80/10/10),Expected SARSA,0.985 ± 0.020,0.990,0.286,0.359 ± 0.023,87.2,0.0056,17/20,16/20,9585
Gridworld (slippery 80/10/10),Q-learning,0.987 ± 0.022,1.000,0.060,0.011 ± 0.007,97.8,0.0039,19/20,19/20,7060
Gridworld (slippery 80/10/10),Double Q-learning,0.987 ± 0.011,0.980,0.114,0.127 ± 0.042,88.9,0.0047,15/20,16/20,7310
Cliff Walking,Monte Carlo,-374.248 ± 222.710,-507.920,310.556,314.867 ± 126.738,41.2,63.2120,0/20,0/20,—
Cliff Walking,SARSA,-25.774 ± 4.269,-24.440,13.953,18.683 ± 2.899,56.4,24.6152,0/20,0/20,—
Cliff Walking,n-step SARSA,-38.077 ± 12.043,-34.510,28.893,35.981 ± 8.521,59.1,37.5932,0/20,0/20,—
Cliff Walking,Expected SARSA,-19.911 ± 1.715,-19.620,9.141,3.452 ± 0.103,74.7,1.7463,0/20,0/20,—
Cliff Walking,Q-learning,-51.894 ± 6.978,-50.650,0.728,0.246 ± 0.044,95.4,0.0000,20/20,20/20,240
Cliff Walking,Double Q-learning,-221.281 ± 469.746,-25.145,53.392,59.335 ± 17.713,67.8,16.0147,0/20,0/20,—
