env,algorithm,trials,pareto size,chosen speed,chosen exactness,tuned hyper-parameters
Gridworld (slippery 80/10/10),SARSA,150,2,0.0012,0.0,"{""alpha"": 0.011421148367845926, ""eps"": [0.6803085568079106, 0.01761087162698082, 0.9497649888337769]}"
Gridworld (slippery 80/10/10),Expected SARSA,150,2,0.0016,0.0,"{""alpha"": 0.4488554985555506, ""alpha_decay"": 0.004876922290065415, ""eps"": [0.11710228500946165, 0.0020369889496241987, 0.9907098036411461]}"
Gridworld (slippery 80/10/10),Q-learning,150,1,0.0019,0.0,"{""alpha"": 0.4940649342743102, ""alpha_decay"": 0.05022681505930273, ""eps"": [0.8176843958644615, 0.0011868151218916545, 0.9994154147580848]}"
Gridworld (slippery 80/10/10),Double Q-learning,150,5,0.012,0.0,"{""alpha"": 0.1270236858997472, ""alpha_decay"": 0.008788985007991721, ""eps"": [0.8760411942114316, 0.12955770837489966, 0.9993206254643636]}"
Gridworld (slippery 80/10/10),n-step SARSA,150,2,0.0042,0.0016,"{""alpha"": 0.3399687765408938, ""alpha_decay"": 0.0017369514920608945, ""eps"": [0.4819832241893077, 0.0034535597744976077, 0.9689226777544012], ""n"": 1}"
Gridworld (slippery 80/10/10),MC constant-α,150,1,0.0258,0.0145,"{""alpha"": 0.016345647602364236, ""eps"": [0.5851447285257891, 0.0014316458815220785, 0.9978064152732585]}"
Cliff Walking,SARSA,150,3,0.7778,0.2823,"{""alpha"": 0.24971308479779813, ""alpha_decay"": 0.0051283360471668475, ""eps"": [0.9014058797093775, 0.030182992650221743, 0.9793902351414283]}"
Cliff Walking,Expected SARSA,150,3,0.487,0.0285,"{""alpha"": 0.7543411010672773, ""alpha_decay"": 0.00014311615107348653, ""eps"": [0.0715500392511257, 0.0016530336230519594, 0.9381656971160421]}"
Cliff Walking,Q-learning,150,2,0.0006,0.0,"{""alpha"": 0.9622299766787551, ""alpha_decay"": 0.03059378279274144, ""eps"": [0.775927922171365, 0.2698723739739301, 0.9963662762363154]}"
Cliff Walking,Double Q-learning,150,2,0.4056,0.0285,"{""alpha"": 0.29818918230822994, ""eps"": [0.8112456742217834, 0.06773495346973007, 0.9968191409336783]}"
Cliff Walking,n-step SARSA,150,8,0.5031,0.2823,"{""alpha"": 0.2028519425405633, ""alpha_decay"": 0.00279623845676213, ""eps"": [0.8788508084229336, 0.003357173582355024, 0.9426030680932987], ""n"": 4}"
Cliff Walking,MC constant-α,150,8,1.374,0.3366,"{""alpha"": 0.07583987574884786, ""eps"": [0.5333640498004875, 0.0013091215814183274, 0.990130748668057]}"
